model,accuracy_mean,accuracy_std,precision_mean,precision_std,recall_mean,recall_std,f1_mean,f1_std,roc_auc_mean,roc_auc_std,average_precision_mean,average_precision_std
gradient_boosting,0.8046273146654623,0.006252366586755041,0.6668210845748369,0.012788642269666082,0.5269988960731746,0.026114125941159583,0.5885034165139374,0.01938133864907585,0.8470747296752759,0.011663994074972135,0.6615702665313202,0.025776323703544584
random_forest,0.7657229901929157,0.013375733924647276,0.5422197614895486,0.01822974558429379,0.7543977864116644,0.027170516146489857,0.6308601120221133,0.020296863347423415,0.8465004518566737,0.01394836589416952,0.657624701738655,0.0331738223240189
logistic_regression,0.7455617096264275,0.005914137784293835,0.513167356948282,0.007445641789991326,0.8020186090521999,0.018062709195625613,0.6258414116583257,0.0101256925044101,0.8449734139588466,0.015041376887838968,0.6554690361553812,0.030757428497691926
decision_tree,0.7292356563326666,0.007936930823134453,0.49408273009520076,0.008754027761075568,0.8068314432767989,0.028553199069411114,0.6125805895872241,0.005850452295848418,0.830636842758163,0.009182503386020464,0.6217853293405448,0.023293485560695493
baseline_most_frequent,0.7346301575908123,0.0002671682177347857,0.0,0.0,0.0,0.0,0.0,0.0,0.5,0.0,0.2653698424091877,0.00026716821773480276
